,HC_ward,HC_avg,HC_single,HC_comp,KM,GMM_full,GMM_tied,GMM_diag,GMM_spher,KernelKM,KCC
breast,0.8556015454109077,0.7707622978213716,0.002574746428175984,0.7862083459275078,0.8337222510377794,0.7089032424806857,0.7915835927507168,0.7578951527680833,0.7881586786464989,0.6664941585414335,0.8337222510377794
ecoli,0.48581317266607343,0.7448672490337442,0.039863217349138606,0.6161381012135562,0.4655114764945411,0.5895577847902544,0.5538017536132069,0.39063864149445604,0.4290699283437367,0.5329133847866248,0.42960460783718024
iris,0.7311985567707746,0.7591987071071522,0.5637510205230709,0.6422512518362898,0.7302382722834697,0.9038742317748124,0.8856970310281228,0.7591987071071522,0.7302382722834697,0.7302382722834697,0.7163421126838476
pen-based,0.5518923720113635,0.37158731306811565,-5.600823873117857e-06,0.3865136270392015,0.5953010918058307,0.5913902090837058,0.5624058147971692,0.4238394806750702,0.5312696085433526,0.00012104775569373127,0.572822575897051
statlog,0.41463458669846487,0.2878402858705581,0.0002725728274290639,0.3022152990187223,0.5291868620630177,0.4642566492499416,0.549969843758639,0.5008049255974353,0.4914050945750127,-8.753071895853012e-05,0.5368325062973156
dermatology,0.03107693896151927,0.03826175907579555,-0.005072984281216502,0.025313548001494147,0.026044609017808223,0.19398051558428658,0.41803697296322945,0.597688256370185,0.03872765995521905,0.04210666965736754,0.034724321593823715
wine,0.15136541889944766,0.026539892844283437,-0.00381934509398756,0.13749361099922733,0.13361527958374725,0.24520519040669164,0.419202606997799,0.7407034373768705,0.13317071751935158,0.0961209554538022,0.13040018451750207
